Source File	Size	loadResources	load-configure	scan	loadDepInfo	loadInfo	load	generateSnapshots	checkR4R4B	generateNarratives	validate	loadLists	checkConformanceResources	checkConformanceResources2	checkConformanceResources3	generateLogicalMaps	validateExpressions	scanForUsageStats	checkURLsUnique	processProvenanceDetails	generate1	generate2	generateLogicals	makeDependencies	generateExampleZip	generateValidationPack	scanProfilesForR5	scanExamplesForR5
/fsh-generated/resources/ImplementationGuide-hl7.eu.fhir.unicom.json	64944	-	0	0	0	0	0	0	14	82	0	0	0	0	0	0	0	2	0	0	277	242	0	0	1	8	0	1
fsh-generated/resources/AdministrableProductDefinition-Agen-5mg-Tablet-EE-APD.json	1122	5	0	0	0	0	0	0	1	192	0	0	0	0	0	0	0	0	0	0	17	14	0	0	0	0	0	0
fsh-generated/resources/AdministrableProductDefinition-CanifugCremolum-100mg-Pessary-EE-APD.json	1155	2	0	0	0	0	0	0	0	4	0	0	0	0	0	0	0	0	0	0	14	13	0	0	0	0	0	0
fsh-generated/resources/AdministrableProductDefinition-CanifugCremolum-10mg1g-Cream-EE-APD.json	1150	2	0	0	0	0	0	0	0	2	0	0	0	0	0	0	0	0	0	0	11	13	0	0	0	0	0	0
fsh-generated/resources/AdministrableProductDefinition-Cefuroxime-MIP-1500mg-EE-APD.json	1172	2	0	0	0	0	0	0	0	3	0	0	0	0	0	0	0	0	0	0	11	13	0	0	0	0	0	0
fsh-generated/resources/Bundle-001-Agen5mg-EE-FullProduct.json	19622	16	0	0	0	0	0	0	2	63	0	0	0	0	0	0	0	0	0	0	68	45	0	0	0	0	0	0
fsh-generated/resources/Bundle-002-Agen10mg-EE-FullProduct.json	19731	12	0	0	0	0	0	0	2	17	0	0	0	0	0	0	0	1	0	0	66	44	0	0	0	0	0	0
fsh-generated/resources/Bundle-003-CefuroximStragen-1-5g-Powder-SE-FullProduct.json	17056	9	0	0	0	0	0	0	3	17	0	0	0	0	0	0	0	0	0	0	65	48	0	0	0	0	0	0
fsh-generated/resources/Bundle-004-Cefuroxime-MIP-1500mg-EE-FullProduct.json	18621	6	1	0	0	0	0	0	4	13	0	0	0	0	0	0	0	0	0	0	67	35	0	0	0	0	0	0
fsh-generated/resources/Bundle-005-CanifugCremolum-EE-FullProduct.json	20179	5	0	0	0	0	0	0	3	15	0	0	0	0	0	0	0	0	0	0	88	38	0	0	0	0	0	1
fsh-generated/resources/Bundle-006-Yaz-002mg3mg-tablet-SE-FullProduct.json	26355	7	0	0	0	0	0	0	4	21	0	0	0	0	0	0	0	0	0	0	109	35	0	0	0	0	0	0
fsh-generated/resources/Bundle-007-Jangee-002mg-3mg-Film-coated-tablet-EE-FullProduct.json	19464	7	0	0	0	0	0	0	4	12	0	0	0	0	0	0	0	0	0	0	80	26	0	0	0	0	0	0
fsh-generated/resources/Bundle-008-Jangee-003mg-3mg-Film-coated-tablet-EE-FullProduct.json	19788	6	0	0	0	0	0	0	4	11	0	0	0	0	0	0	0	0	0	0	86	25	0	0	0	0	0	0
fsh-generated/resources/Bundle-009-Paracetamol-Kabi10mg-1ml-EE-FullProduct.json	24897	6	0	0	0	0	0	0	4	16	0	0	0	0	0	0	0	0	0	0	86	30	0	0	0	0	0	0
fsh-generated/resources/Bundle-010-Clexane-60mg-06ml-EE-FullProduct.json	14881	7	0	0	0	0	0	0	3	7	0	0	0	0	0	0	0	0	0	0	54	24	0	0	0	0	0	0
fsh-generated/resources/Bundle-011-Betaklav500-125-EE-FullProduct.json	26453	7	0	0	0	0	0	0	4	15	0	0	0	0	0	0	0	0	0	0	83	31	0	0	0	0	0	0
fsh-generated/resources/Bundle-012-Panodil-500mg-SolutionInSachet-SE-FullProduct.json	15163	4	0	0	0	0	0	0	3	11	0	0	0	0	0	0	0	0	0	0	58	22	0	0	0	0	0	1
fsh-generated/resources/Bundle-013-LantusSolostar-EE-FullProduct.json	14693	4	0	0	0	0	0	0	2	10	0	0	0	0	0	0	0	1	0	0	56	21	0	0	0	0	0	0
fsh-generated/resources/Bundle-014-CanestenKombi-FI-FullProduct.json	19962	4	0	0	0	0	0	0	4	12	0	0	0	0	0	0	0	0	0	0	70	26	0	0	0	0	0	0
fsh-generated/resources/Bundle-015-CopaliaHCT-EE-FullProduct.json	24843	6	1	0	0	0	0	0	3	15	0	0	0	0	0	0	0	0	0	0	81	32	0	0	0	0	0	1
fsh-generated/resources/Bundle-016-Lodipin-10mg-Capsule-GR-FullProduct.json	20909	7	0	0	0	0	0	0	2	10	0	0	0	0	0	0	0	0	0	0	66	29	0	0	0	0	0	0
fsh-generated/resources/Bundle-017-ImovaxPolio-EE-FullProduct.json	21933	4	0	0	0	0	0	0	1	15	0	0	0	0	0	0	0	0	0	0	77	28	0	0	0	0	0	0
fsh-generated/resources/Bundle-AMLHipres-10mg-Tablet-EE-FullProduct.json	20438	5	0	0	0	0	0	0	1	11	0	0	0	0	0	0	0	0	0	0	65	24	0	0	0	0	0	0
fsh-generated/resources/Bundle-AMLHipres-5mg-Tablet-EE-FullProduct.json	20409	4	0	0	0	0	0	0	1	10	0	0	0	0	0	0	0	0	0	0	66	24	0	0	0	0	0	0
fsh-generated/resources/Bundle-AMLaccord-10mg-Tablet-SE-IS-MedicinalProductDefinition-BBDL.json	20319	5	0	0	0	0	0	0	1	12	0	0	0	0	0	0	0	0	0	0	85	23	0	0	0	0	0	0
fsh-generated/resources/Bundle-AMLaccord-5mg-Tablet-SE-IS-MedicinalProductDefinition-BBDL.json	24626	4	0	0	0	0	0	0	1	13	0	0	0	0	0	0	0	0	0	0	83	27	0	0	0	0	0	0
fsh-generated/resources/Bundle-AMLaurobindo-10mg-Tablet-SE-IS-MedicinalProductDefinition-BBDL.json	16942	4	0	0	0	0	0	0	0	9	0	0	0	0	0	0	0	0	0	0	61	130	0	0	0	0	0	0
fsh-generated/resources/Bundle-AMLbluefish-10mg-Tablet-SE-IS-MedicinalProductDefinition-BBDL.json	16796	5	0	0	0	0	0	0	1	9	0	0	0	0	0	0	0	0	0	0	59	14	0	0	0	0	0	0
fsh-generated/resources/Bundle-AMLbluefish-5mg-Tablet-SE-IS-MedicinalProductDefinition-BBDL.json	21119	4	0	0	0	0	0	0	0	11	0	0	0	0	0	0	0	0	0	0	70	15	0	0	0	0	0	0
fsh-generated/resources/Bundle-AMLjubilant-10mg-Tablet-SE-IS-MedicinalProductDefinition-BBDL.json	16622	4	1	0	0	0	0	0	1	9	0	0	0	0	0	0	0	0	0	0	60	13	0	0	0	0	0	1
fsh-generated/resources/Bundle-AMLjubilant-5mg-Tablet-SE-IS-MedicinalProductDefinition-BBDL.json	16463	4	0	0	0	0	0	0	0	9	0	0	0	0	0	0	0	0	0	0	60	14	0	0	0	0	0	0
fsh-generated/resources/Bundle-AMLkrka-10mg-Tablet-SE-IS-MedicinalProductDefinition-BBDL.json	21143	4	0	0	0	0	0	0	0	10	0	0	0	0	0	0	0	1	0	0	71	15	0	0	0	0	0	0
fsh-generated/resources/Bundle-AMLkrka-5mg-Tablet-SE-IS-MedicinalProductDefinition-BBDL.json	21173	4	0	0	0	0	0	0	1	12	0	0	0	0	0	0	0	0	0	0	76	14	0	0	0	0	0	0
fsh-generated/resources/Bundle-AMLmedvalley-10mg-Tablet-SE-IS-MedicinalProductDefinition-BBDL.json	20590	5	0	0	0	0	0	0	0	11	0	0	0	0	0	0	0	0	0	0	70	15	0	0	0	0	0	0
fsh-generated/resources/Bundle-AMLmedvalley-5mg-Tablet-SE-IS-MedicinalProductDefinition-BBDL.json	20563	4	0	0	0	0	0	0	1	10	0	0	0	0	0	0	0	0	0	0	70	15	0	0	0	0	0	0
fsh-generated/resources/Bundle-AMLsandoz-10mg-Tablet-SE-IS-MedicinalProductDefinition-BBDL.json	23396	5	0	0	0	0	0	0	0	11	0	0	0	0	0	0	0	0	0	0	77	17	0	0	0	0	0	0
fsh-generated/resources/Bundle-AMLsandoz-5mg-Tablet-SE-IS-MedicinalProductDefinition-BBDL.json	23305	7	0	0	0	0	0	0	1	11	0	0	0	0	0	0	0	0	0	0	76	16	0	0	0	0	0	0
fsh-generated/resources/Bundle-AMLteva-10mg-Tablet-SE-IS-MedicinalProductDefinition-BBDL.json	20279	6	0	0	0	0	0	0	0	9	0	0	0	0	0	0	0	0	0	0	66	14	0	0	0	0	0	0
fsh-generated/resources/Bundle-AMLteva-5mg-Tablet-SE-IS-MedicinalProductDefinition-BBDL.json	20250	7	0	0	0	0	0	0	1	12	0	0	0	0	0	0	0	0	0	0	66	14	0	0	0	0	0	0
fsh-generated/resources/Bundle-AMLvitabalans-10mg-Tablet-SE-IS-MedicinalProductDefinition-BBDL.json	21096	4	1	0	0	0	0	0	0	10	0	0	0	0	0	0	0	0	0	0	69	16	0	0	0	0	0	1
fsh-generated/resources/Bundle-AMLvitabalans-5mg-Tablet-SE-IS-MedicinalProductDefinition-BBDL.json	21125	4	0	0	0	0	0	0	0	9	0	0	0	0	0	0	0	0	0	0	69	15	0	0	0	0	0	0
fsh-generated/resources/Bundle-AT-Curocef-1500-Powder.json	20636	4	0	0	0	0	0	0	1	11	0	0	0	0	0	0	0	0	0	0	68	17	0	0	0	0	0	0
fsh-generated/resources/Bundle-Amlodistad-10mg-Tablet-SE-IS-MedicinalProductDefinition-BBDL.json	21715	4	0	0	0	0	0	0	0	10	0	0	0	0	0	0	0	0	0	0	72	17	0	0	0	0	0	0
fsh-generated/resources/Bundle-Amlodistad-5mg-Tablet-SE-IS-MedicinalProductDefinition-BBDL.json	21627	4	0	0	0	0	0	0	1	9	0	0	0	0	0	0	0	0	0	0	68	15	0	0	0	0	0	0
fsh-generated/resources/Bundle-Norvasc-10mg-Tablet-SE-IS-MedicinalProductDefinition-BBDL.json	16703	4	0	0	0	0	0	0	0	8	0	0	0	0	0	0	0	0	0	0	57	14	0	0	0	0	0	0
fsh-generated/resources/Bundle-Norvasc-5mg-Tablet-SE-IS-MedicinalProductDefinition-BBDL.json	16678	3	0	0	0	0	0	0	1	7	0	0	0	0	0	0	0	1	0	0	57	13	0	0	0	0	0	0
fsh-generated/resources/CodeSystem-ATC-Human-EMA.json	773616	110	5	0	1	0	0	0	23	726	0	0	6	0	0	0	0	6	0	0	4151	3927	0	0	0	120	0	7
fsh-generated/resources/CodeSystem-Marketing-Status-ema-cs.json	837	3	0	0	0	0	0	0	0	6	0	0	0	0	0	0	0	0	0	0	12	41	0	0	0	0	0	0
fsh-generated/resources/CodeSystem-combination-package-ema-cs.json	2095	2	0	0	0	0	0	0	0	4	0	0	0	0	0	0	0	1	0	0	19	36	0	0	0	0	0	0
fsh-generated/resources/CodeSystem-combined-pharmaceutical-dose-form-ema-cs.json	9046	2	0	0	0	0	0	0	0	28	0	0	0	0	0	0	0	0	0	0	66	43	0	0	0	1	0	0
fsh-generated/resources/CodeSystem-combined-term-ema-cs.json	8776	2	0	0	0	0	0	0	0	9	0	0	0	0	0	0	0	0	0	0	58	46	0	0	0	1	0	0
fsh-generated/resources/CodeSystem-country-ema-cs.json	22751	5	1	0	0	0	0	0	1	25	0	0	0	0	0	0	0	0	0	0	143	74	0	0	0	3	0	0
fsh-generated/resources/CodeSystem-domain-ema-cs.json	643	1	0	0	0	0	0	0	0	4	0	0	0	0	0	0	0	0	0	0	10	29	0	0	0	0	0	0
fsh-generated/resources/CodeSystem-language-ema-cs.json	13542	4	0	0	0	0	0	0	1	9	0	0	0	0	0	0	0	0	0	0	88	57	0	0	0	1	0	0
fsh-generated/resources/CodeSystem-legal-status-for-the-supply-ema-cs.json	1459	1	0	0	0	0	0	0	0	4	0	0	0	0	0	0	0	0	0	0	16	29	0	0	0	1	0	0
fsh-generated/resources/CodeSystem-material-ema-cs.json	5825	5	0	0	0	0	0	0	0	9	0	0	0	0	0	0	0	0	0	0	36	33	0	0	0	0	0	1
fsh-generated/resources/CodeSystem-packaging-ema-cs.json	6657	5	0	0	0	0	0	0	0	12	0	0	1	0	0	0	0	0	0	0	46	37	0	0	0	1	0	0
fsh-generated/resources/CodeSystem-pharmaceutical-dose-form-ema-cs.json	192598	20	1	0	0	0	0	0	3	100	0	0	0	0	0	0	0	1	0	0	832	545	0	0	0	19	0	1
fsh-generated/resources/CodeSystem-recordStatus-ema-cs.json	698	1	0	0	0	0	0	0	0	4	0	0	0	0	0	0	0	0	0	0	11	51	0	0	0	0	0	0
fsh-generated/resources/CodeSystem-regulatoryStatus-ema-cs.json	1594	2	0	0	0	0	0	0	0	4	0	0	0	0	0	0	0	0	0	0	16	49	0	0	0	0	0	0
fsh-generated/resources/CodeSystem-routes-and-methods-of-administration-ema-cs.json	11274	39	0	0	0	0	0	0	1	6	0	0	0	0	0	0	0	0	0	0	86	69	0	0	0	2	0	0
fsh-generated/resources/CodeSystem-substance-sms-cs.json	8843	7	0	0	0	0	0	0	0	5	0	0	0	0	0	0	0	0	0	0	60	64	0	0	0	0	0	0
fsh-generated/resources/CodeSystem-unit-of-measurement-ema-cs.json	39435	15	0	0	0	0	0	0	1	26	0	0	0	0	0	0	0	1	0	0	249	137	0	0	0	6	0	0
fsh-generated/resources/CodeSystem-unit-of-presentation-ema-cs.json	4170	6	1	0	0	0	0	0	0	6	0	0	0	0	0	0	0	0	0	0	34	44	0	0	0	0	0	0
fsh-generated/resources/ConceptMap-edqm-ema-pharmaceuticalDoseForm-cm.json	129082	35	0	0	0	0	0	0	3	148	0	0	0	0	0	0	0	0	0	0	449	159	0	0	0	12	0	1
fsh-generated/resources/ConceptMap-sms-snomed-substance-cm.json	1329	4	0	0	0	0	0	0	0	7	0	0	0	0	0	0	0	0	0	0	13	24	0	0	0	0	0	0
fsh-generated/resources/Ingredient-Agen-5mg-Tablet-EE-I.json	2341	3	0	0	0	0	0	0	0	5	0	0	0	0	0	0	0	0	0	0	15	16	0	0	0	0	0	0
fsh-generated/resources/Ingredient-CanifugCremolum-100mg-Pessary-EE-I.json	1465	2	0	0	0	0	0	0	0	1	0	0	0	0	0	0	0	0	0	0	13	12	0	0	0	0	0	0
fsh-generated/resources/Ingredient-CanifugCremolum-10mg1g-Cream-EE-I.json	1462	3	0	0	0	0	0	0	0	3	0	0	0	0	0	0	0	0	0	0	14	14	0	0	0	0	0	0
fsh-generated/resources/Ingredient-Cefuroxime-MIP-1500mg-EE-I.json	2249	2	0	0	0	0	0	0	0	2	0	0	0	0	0	0	0	0	0	0	17	12	0	0	0	0	0	0
fsh-generated/resources/ManufacturedItemDefinition-Agen-5mg-Tablet-EE-MID.json	635	3	0	0	0	0	0	0	0	0	0	0	0	0	0	0	0	0	0	0	7	8	0	0	0	0	0	0
fsh-generated/resources/ManufacturedItemDefinition-CanifugCremolum-100mg-Pessary-EE-MID.json	651	2	0	0	0	0	0	0	0	0	0	0	0	0	0	0	0	0	0	0	8	7	0	0	0	0	0	0
fsh-generated/resources/ManufacturedItemDefinition-CanifugCremolum-10mg1g-Cream-EE-MID.json	645	2	0	0	0	0	0	0	0	1	0	0	0	0	0	0	0	0	0	0	7	7	0	0	0	0	0	0
fsh-generated/resources/ManufacturedItemDefinition-Cefuroxime-MIP-1500mg-EE-MID.json	675	3	1	0	0	0	0	0	0	0	0	0	0	0	0	0	0	0	0	0	8	8	0	0	0	0	0	0
fsh-generated/resources/Medication-CanifugCremolum-EE-Cream-Medication-Item.json	1186	3	0	0	0	0	0	0	0	101	0	0	0	0	0	0	0	0	0	0	9	16	0	0	0	0	0	0
fsh-generated/resources/Medication-CanifugCremolum-EE-Medication-Clinical.json	1848	3	0	0	0	0	0	0	0	1	0	0	0	0	0	0	0	0	0	0	13	14	0	0	0	0	0	0
fsh-generated/resources/Medication-CanifugCremolum-EE-Pessary-Medication-Item.json	1210	2	0	0	0	0	0	0	0	69	0	0	0	0	0	0	0	0	0	0	11	8	0	0	0	0	0	0
fsh-generated/resources/Medication-Cefuroxime1500-Medication-Clinical.json	1262	3	0	0	0	0	0	0	1	0	0	0	0	0	0	0	0	0	0	0	10	9	0	0	0	0	0	0
fsh-generated/resources/Medication-Cefuroxime1500-Powder-Medication-Item.json	1480	3	0	0	0	0	0	0	0	1	0	0	0	0	0	0	0	0	0	0	12	8	0	0	0	0	0	0
fsh-generated/resources/Medication-CefuroximeMIP-EE-Medication-Clinical.json	1766	2	0	0	0	0	0	0	0	1	0	0	0	0	0	0	0	0	0	0	11	9	0	0	0	0	0	0
fsh-generated/resources/Medication-CefuroximeMIP-EE-Powder-Medication-Item.json	1238	3	0	0	0	0	0	0	0	0	0	0	0	0	0	0	0	0	0	0	10	9	0	0	0	0	0	0
fsh-generated/resources/Medication-Clotrimazole-Cream-Generic.json	1355	2	0	0	0	0	0	0	0	1	0	0	0	0	0	0	0	0	0	0	10	9	0	0	0	0	0	0
fsh-generated/resources/Medication-Clotrimazole-cream-and-pessaries-Medication-Clinical.json	1358	3	1	0	0	0	0	0	0	4	0	0	0	0	0	0	0	1	0	0	11	10	0	0	0	0	0	0
fsh-generated/resources/MedicinalProductDefinition-Agen-5mg-Tablet-EE-MPD.json	3148	3	0	0	0	0	0	0	0	1	0	0	0	0	0	0	0	0	0	0	15	8	0	0	0	0	0	0
fsh-generated/resources/MedicinalProductDefinition-CanifugCremolum-EE-MPD.json	2623	2	0	0	0	0	0	0	0	1	0	0	0	0	0	0	0	0	0	0	14	8	0	0	0	0	0	0
fsh-generated/resources/MedicinalProductDefinition-Cefuroxime-MIP-1500mg-EE-MPD.json	3001	3	0	0	0	0	0	0	0	1	0	0	0	0	0	0	0	0	0	0	19	8	0	0	0	0	0	0
fsh-generated/resources/OperationDefinition-Equivalent.json	1597	9	0	0	0	0	0	0	0	5	0	0	0	0	0	0	0	0	0	0	13	12	0	0	0	0	0	1
fsh-generated/resources/Organization-LOC-100000551-KrkaSverige.json	342	2	0	0	0	0	0	0	0	1	0	0	0	0	0	0	0	0	0	0	7	7	0	0	0	0	0	0
fsh-generated/resources/Organization-LOC-100002580-Zentiva.json	335	2	0	0	0	0	0	0	0	0	0	0	0	0	0	0	0	0	0	0	6	5	0	0	0	0	0	0
fsh-generated/resources/Organization-LOC-100004795-Wolff-Arzneimittel.json	377	2	0	0	0	0	0	0	0	0	0	0	0	0	0	0	0	0	0	0	7	7	0	0	0	0	0	0
fsh-generated/resources/Organization-LOC-100009199-Mip.json	334	3	0	0	0	0	0	0	0	0	0	0	0	0	0	0	0	0	0	0	6	6	0	0	0	0	0	0
fsh-generated/resources/PackagedProductDefinition-Agen-5mg-Tablet-EE-PPD-1109887-A.json	3109	2	0	0	0	0	0	0	0	2	0	0	0	0	0	0	0	0	0	0	14	11	0	0	0	0	0	0
fsh-generated/resources/PackagedProductDefinition-Agen-5mg-Tablet-EE-PPD-1109887-B.json	2838	3	0	0	0	0	0	0	0	1	0	0	0	0	0	0	0	0	0	0	14	10	0	0	1	0	0	0
fsh-generated/resources/PackagedProductDefinition-CanifugCremolum-EE-PPD-1033692.json	4133	3	1	0	0	0	0	0	0	2	0	0	0	0	0	0	0	0	0	0	17	13	0	0	0	0	0	0
fsh-generated/resources/PackagedProductDefinition-Cefuroxime-MIP-1500mg-EE-PPD-1529940.json	2634	3	0	0	0	0	0	0	0	1	0	0	0	0	0	0	0	0	0	0	14	11	0	0	0	0	0	0
fsh-generated/resources/PackagedProductDefinition-Cefuroxime-MIP-1500mg-EE-PPD-1529962.json	2638	3	0	0	0	0	0	0	0	1	0	0	0	0	0	0	0	0	0	0	15	10	0	0	0	0	0	0
fsh-generated/resources/RegulatedAuthorization-Agen-5mg-Tablet-EE-RA.json	1100	3	0	0	0	0	0	0	0	2	0	0	0	0	0	0	0	0	0	0	10	10	0	0	0	0	0	0
fsh-generated/resources/RegulatedAuthorization-CanifugCremolum-EE-RA.json	1111	2	0	0	0	0	0	0	0	1	0	0	0	0	0	0	0	0	0	0	11	10	0	0	0	0	0	0
fsh-generated/resources/RegulatedAuthorization-Cefuroxime-MIP-1500mg-EE-RA.json	1108	2	0	0	0	0	0	0	0	0	0	0	0	0	0	0	0	0	0	0	10	11	0	0	0	0	0	0
fsh-generated/resources/SearchParameter-Manufactured-item-packaging-ppd.json	600	7	0	0	0	0	0	0	1	5	0	0	0	0	0	0	0	0	0	0	11	8	0	0	0	1	0	0
fsh-generated/resources/SearchParameter-Manufactured-item-ppd.json	514	2	0	0	0	0	0	0	0	3	0	0	0	0	0	0	0	0	0	0	11	8	0	0	0	0	0	0
fsh-generated/resources/SearchParameter-country.json	434	2	0	0	0	0	0	0	0	3	0	0	0	0	0	0	0	0	0	0	15	9	0	0	0	0	0	0
fsh-generated/resources/SearchParameter-name-language-correct.json	513	3	0	0	0	0	0	0	0	3	0	0	0	0	0	0	0	0	0	0	13	7	0	0	0	0	0	0
fsh-generated/resources/SearchParameter-reference-strength-substance.json	552	2	1	0	0	0	0	0	0	2	0	0	0	0	0	0	0	0	0	0	12	9	0	0	0	0	0	0
fsh-generated/resources/SearchParameter-strength-presentation-quantity.json	551	2	0	0	0	0	0	0	0	2	0	0	0	0	0	0	0	0	0	0	12	8	0	0	0	0	0	0
fsh-generated/resources/SearchParameter-strength-presentation-ratio-denominator.json	603	2	0	0	0	0	0	0	0	2	0	0	0	0	0	0	0	0	0	0	11	7	0	0	0	0	0	0
fsh-generated/resources/SearchParameter-strength-presentation-ratio-numerator.json	593	2	0	0	0	0	0	0	0	3	0	0	0	0	0	0	0	0	1	0	12	9	0	0	0	0	0	0
fsh-generated/resources/SearchParameter-strength-presentation-ratio.json	846	3	0	0	0	0	0	0	0	2	0	0	0	0	0	0	0	0	0	0	13	7	0	1	0	0	0	0
fsh-generated/resources/SearchParameter-strength-quantity-and-substance.json	825	2	0	0	0	0	0	0	0	3	0	0	0	0	0	0	0	0	0	0	12	8	0	0	0	1	0	0
fsh-generated/resources/SearchParameter-strength-ratio-and-substance.json	827	2	0	0	0	0	0	0	0	2	0	0	0	0	0	0	0	0	0	0	12	6	0	0	0	0	0	0
fsh-generated/resources/StructureDefinition-AD.json	686	4	0	0	0	0	0	6	0	21	0	0	0	0	0	0	0	0	0	0	32	1284	0	0	0	0	0	0
fsh-generated/resources/StructureDefinition-ANY.json	880	3	0	0	0	0	0	8	0	4	0	0	0	0	0	0	0	0	0	0	33	185	0	0	0	1	0	0
fsh-generated/resources/StructureDefinition-BL.json	685	2	0	0	0	0	0	7	0	4	0	0	0	0	0	0	0	0	0	0	31	165	0	0	0	0	0	0
fsh-generated/resources/StructureDefinition-CD.json	653	3	1	0	0	0	0	9	0	4	0	0	0	0	0	0	0	0	0	0	31	139	0	0	0	1	0	0
fsh-generated/resources/StructureDefinition-Class.json	628	3	0	0	0	0	0	12	0	3	0	0	0	0	0	0	0	0	0	0	36	124	0	0	0	1	0	0
fsh-generated/resources/StructureDefinition-CrossBorderProduct.json	14330	11	0	0	0	0	0	42	0	15	0	0	0	0	0	0	0	0	0	0	282	395	0	0	0	3	0	0
fsh-generated/resources/StructureDefinition-DT.json	550	3	0	0	0	0	0	12	0	3	0	0	0	0	0	0	0	0	0	0	31	73	0	0	0	1	0	0
fsh-generated/resources/StructureDefinition-EN.json	691	3	0	0	0	0	0	11	0	3	0	0	0	0	0	0	0	0	0	0	36	99	0	0	0	0	0	0
fsh-generated/resources/StructureDefinition-FullMedicinalProduct.json	46979	18	0	0	0	0	0	76	0	96	0	0	1	0	0	0	0	2	0	0	970	1300	0	0	0	13	0	2
fsh-generated/resources/StructureDefinition-II.json	777	3	0	0	0	0	0	11	0	5	0	0	0	0	0	0	0	0	0	0	31	81	0	0	0	1	0	0
fsh-generated/resources/StructureDefinition-INT.json	758	4	0	0	0	0	0	13	0	3	0	0	0	0	0	0	0	0	0	0	30	79	0	0	0	1	0	0
fsh-generated/resources/StructureDefinition-ManufacturedMaterial.json	18226	9	0	0	0	0	0	33	0	16	0	0	0	0	0	0	0	0	0	0	409	499	0	0	0	6	0	1
fsh-generated/resources/StructureDefinition-MedicationAsManufacturedItem.json	2553	5	0	0	0	0	0	33	0	18	0	0	0	0	0	0	0	1	0	0	187	319	0	0	0	3	0	0
fsh-generated/resources/StructureDefinition-MedicationAsMedicinalProduct.json	5557	9	1	0	0	0	0	44	0	16	0	0	1	0	0	0	0	0	0	0	292	422	0	0	0	6	0	1
fsh-generated/resources/StructureDefinition-MedicationModel.json	14031	15	0	0	0	0	0	19	0	12	0	0	0	0	0	0	0	0	0	0	255	348	0	0	0	3	0	0
fsh-generated/resources/StructureDefinition-PPLAdministrableProductDefinition.json	3204	4	0	0	0	0	0	72	0	8	0	0	0	0	0	0	0	1	0	0	218	331	0	0	0	3	1	0
fsh-generated/resources/StructureDefinition-PPLIngredient.json	8226	6	0	0	0	0	0	27	0	25	0	0	0	0	0	0	0	1	0	0	389	466	0	0	0	6	0	1
fsh-generated/resources/StructureDefinition-PPLManufacturedItemDefinition.json	1537	3	0	0	0	0	0	6	0	7	0	0	0	0	0	0	0	0	0	0	169	277	0	0	0	2	0	1
fsh-generated/resources/StructureDefinition-PPLMedicinalProductDefinition.json	11046	8	0	0	0	0	0	19	0	65	0	0	0	0	0	0	0	1	0	0	784	996	0	0	0	11	0	1
fsh-generated/resources/StructureDefinition-PPLOrganization.json	1950	3	0	0	0	0	0	16	0	15	0	0	0	0	0	0	0	1	0	0	203	363	0	0	0	3	0	1
fsh-generated/resources/StructureDefinition-PPLPackagedProductDefinition.json	8283	6	0	0	0	0	0	42	0	23	0	0	1	0	0	0	0	1	0	0	653	859	0	0	0	9	0	1
fsh-generated/resources/StructureDefinition-PPLRegulatedAuthorization.json	3527	4	1	0	0	0	0	14	0	13	0	0	0	0	0	0	0	0	0	0	228	304	0	0	0	4	0	0
fsh-generated/resources/StructureDefinition-PQ.json	852	2	0	0	0	0	0	2	0	5	0	0	0	0	0	0	0	0	0	0	36	73	0	0	0	1	0	0
fsh-generated/resources/StructureDefinition-REAL.json	815	3	0	0	0	0	0	2	0	3	0	0	0	0	0	0	0	0	0	0	36	71	0	0	0	0	0	0
fsh-generated/resources/StructureDefinition-RTO.json	662	4	0	0	0	0	0	2	0	3	0	0	0	0	0	0	0	0	0	0	31	67	0	0	0	1	0	1
fsh-generated/resources/StructureDefinition-ST.json	563	2	0	0	0	0	0	2	0	2	0	0	0	0	0	0	0	0	0	0	30	55	0	0	0	0	0	0
fsh-generated/resources/StructureDefinition-SctClinicalDrug.json	9361	6	0	0	0	0	0	6	0	8	0	0	0	0	0	0	0	0	0	0	204	252	0	0	0	3	0	0
fsh-generated/resources/StructureDefinition-TS.json	682	2	0	0	0	0	0	2	0	3	0	0	0	0	0	0	0	0	0	0	35	68	0	0	0	0	0	0
fsh-generated/resources/StructureDefinition-TransitionAdministrableProductDefinition.json	2627	3	0	0	0	0	0	49	0	10	0	0	0	0	0	0	0	1	0	0	213	258	0	0	0	3	0	0
fsh-generated/resources/StructureDefinition-TransitionIngredient.json	4567	4	0	0	0	0	0	23	0	48	0	0	0	0	0	0	0	0	0	0	242	234	0	1	0	4	0	1
fsh-generated/resources/StructureDefinition-TransitionManufacturedItemDefinition.json	1397	3	1	0	0	0	0	7	0	9	0	0	0	0	0	0	0	1	0	0	163	156	0	0	0	3	0	0
fsh-generated/resources/StructureDefinition-TransitionMedicinalProductDefinition.json	9741	6	0	0	0	0	0	16	0	32	0	0	0	0	0	0	0	1	0	0	777	650	0	0	0	11	1	1
fsh-generated/resources/StructureDefinition-TransitionOrganization.json	2030	4	0	0	0	0	0	15	0	10	0	0	0	0	0	0	0	0	0	0	204	181	0	0	0	3	0	0
fsh-generated/resources/StructureDefinition-TransitionPackagedProductDefinition.json	4902	4	0	0	0	0	0	77	0	11	0	0	0	0	0	0	0	1	0	0	298	216	0	0	0	5	0	1
fsh-generated/resources/StructureDefinition-TransitionRegulatedAuthorization.json	3024	3	0	0	0	0	0	18	0	10	0	0	0	0	0	0	0	0	0	0	206	171	0	0	0	3	0	0
fsh-generated/resources/StructureDefinition-Untyped.json	678	3	0	0	0	0	0	4	0	4	0	0	0	0	0	0	0	0	0	0	31	51	0	0	0	1	0	0
fsh-generated/resources/StructureDefinition-administrable-doseform.json	1534	3	0	0	0	0	0	3	0	4	0	0	0	0	0	0	0	0	0	0	49	66	0	0	0	1	0	0
fsh-generated/resources/StructureDefinition-medicinal-product-classification.json	1420	3	0	0	0	0	0	3	0	4	0	0	0	0	0	0	0	0	0	0	47	57	0	0	0	1	0	0
fsh-generated/resources/StructureDefinition-medicinal-product-name.json	1375	3	1	0	0	0	0	3	0	5	0	0	0	0	0	0	0	0	0	0	47	58	0	0	0	0	0	0
fsh-generated/resources/ValueSet-administration-device.json	32666	10	0	0	0	0	0	0	0	350	0	0	0	0	0	0	0	1	0	0	71	2772	0	0	0	3	0	0
fsh-generated/resources/ValueSet-administration-method.json	2215	3	0	0	0	0	0	0	1	146	0	0	0	0	0	0	0	0	0	0	14	220	0	0	0	0	0	0
fsh-generated/resources/ValueSet-all-units-vs.json	576	2	0	0	0	0	0	0	0	2	0	0	0	0	0	0	0	0	0	0	9	639	0	0	0	0	0	0
fsh-generated/resources/ValueSet-atc-spor-vs.json	480	2	0	0	0	0	0	0	0	1	0	0	0	0	0	0	0	0	0	0	9	1478	0	0	0	0	0	0
fsh-generated/resources/ValueSet-authorised-doseform-vs.json	830	3	0	0	0	0	0	0	0	2	0	0	0	0	0	0	0	0	0	0	11	853	0	0	0	0	0	0
fsh-generated/resources/ValueSet-basic-dose-form.json	5077	3	0	0	0	0	0	0	0	187	0	0	0	0	0	0	0	0	0	0	20	198	0	0	0	1	0	0
fsh-generated/resources/ValueSet-closure.json	10939	4	0	0	0	0	0	0	0	207	0	0	0	0	0	0	0	0	0	0	30	227	0	0	0	0	0	0
fsh-generated/resources/ValueSet-combination-pack.json	14393	4	0	0	0	0	0	0	0	174	0	0	0	0	0	0	0	0	0	0	42	270	0	0	0	1	0	0
fsh-generated/resources/ValueSet-combined-pharmaceutical-dose-form.json	79162	13	0	0	0	0	0	0	1	607	0	0	0	0	0	0	0	0	0	0	212	655	0	0	0	18	0	0
fsh-generated/resources/ValueSet-combined-term.json	75629	11	0	0	0	0	0	0	1	570	0	0	0	0	0	0	0	1	0	0	189	804	0	0	0	5	0	1
fsh-generated/resources/ValueSet-container.json	34989	9	1	0	0	0	0	0	1	395	0	0	0	0	0	0	0	0	0	0	77	502	0	0	0	2	0	0
fsh-generated/resources/ValueSet-country-ema-vs.json	404	3	0	0	0	0	0	0	0	2	0	0	0	0	0	0	0	0	0	0	8	325	0	0	0	0	0	0
fsh-generated/resources/ValueSet-country-iso-vs.json	388	3	0	0	0	0	0	0	0	1	0	0	0	0	0	0	0	0	0	0	9	211	0	0	0	0	0	0
fsh-generated/resources/ValueSet-domain-vs.json	411	2	0	0	0	0	0	0	0	2	0	0	0	0	0	0	0	0	0	0	8	28	0	0	0	1	0	0
fsh-generated/resources/ValueSet-ehdsi-ucum-unit.json	214916	40	0	0	0	0	0	0	3	417	0	0	0	0	0	0	0	1	0	0	455	1500	0	0	0	19	0	1
fsh-generated/resources/ValueSet-intended-site.json	2556	4	0	0	0	0	0	0	0	152	0	0	0	0	0	0	0	0	0	0	15	197	0	0	0	0	0	0
fsh-generated/resources/ValueSet-language-bcp-vs.json	384	2	0	0	0	0	0	0	0	2	0	0	0	0	0	0	0	0	0	0	10	199	0	0	0	0	0	0
fsh-generated/resources/ValueSet-language-ema-vs.json	408	2	0	0	0	0	0	0	0	2	0	0	0	0	0	0	0	0	0	0	9	238	0	0	0	1	0	0
fsh-generated/resources/ValueSet-legal-status-for-the-supply-vs.json	457	3	0	0	0	0	0	0	0	2	0	0	0	0	0	0	0	0	0	0	9	40	0	0	0	0	0	0
fsh-generated/resources/ValueSet-marketing-status-spor-vs.json	429	2	1	0	0	0	0	0	0	1	0	0	1	0	0	0	0	0	0	0	9	28	0	0	0	0	0	0
fsh-generated/resources/ValueSet-material-vs.json	404	2	0	0	0	0	0	0	1	2	0	0	0	0	0	0	0	0	0	0	10	83	0	0	0	0	0	0
fsh-generated/resources/ValueSet-packaging-category.json	785	2	0	0	0	0	0	0	0	148	0	0	0	0	0	0	0	0	0	0	11	170	0	0	0	0	0	0
fsh-generated/resources/ValueSet-packaging-spor-vs.json	395	2	0	0	0	0	0	0	0	2	0	0	0	0	0	0	0	0	0	0	11	113	0	0	0	0	0	0
fsh-generated/resources/ValueSet-patient-friendly-term.json	38809	7	0	0	0	0	0	0	1	364	0	0	0	0	0	0	0	0	0	0	81	418	0	0	0	2	0	0
fsh-generated/resources/ValueSet-pharmaceutical-dose-form.json	496728	59	0	0	0	0	0	0	8	1618	0	0	0	0	0	0	0	3	0	0	1071	2567	0	0	0	38	0	1
fsh-generated/resources/ValueSet-pharmaceutical-doseform-vs.json	494	3	0	0	0	0	0	0	0	3	0	0	0	0	0	0	0	0	0	0	9	594	0	0	0	1	0	0
fsh-generated/resources/ValueSet-record-status-spor-vs.json	429	3	0	0	0	0	0	0	0	1	0	0	0	0	0	0	0	0	0	0	9	26	0	0	0	0	0	0
fsh-generated/resources/ValueSet-regulatory-status-spor-vs.json	458	2	0	0	0	0	0	0	0	2	0	0	0	0	0	0	0	0	0	0	8	45	0	0	0	0	0	0
fsh-generated/resources/ValueSet-route-of-administration.json	86248	13	0	0	0	0	0	0	1	426	0	0	0	0	0	0	0	1	0	0	170	743	0	0	0	8	0	1
fsh-generated/resources/ValueSet-routes-and-methods-of-administration-vs.json	558	3	1	0	0	0	0	0	0	2	0	0	0	0	0	0	0	0	0	0	10	190	0	0	0	1	0	0
fsh-generated/resources/ValueSet-shelflifetype-spor-vs.json	419	2	0	0	0	0	0	0	0	2	0	0	0	0	0	0	0	0	0	0	8	1146	0	0	0	0	0	0
fsh-generated/resources/ValueSet-substances-vs.json	430	2	0	0	0	0	0	0	0	2	0	0	0	0	0	0	0	0	0	0	9	146	0	0	0	0	0	0
fsh-generated/resources/ValueSet-unit-of-measurement-vs.json	464	2	0	0	0	0	0	0	0	1	0	0	0	0	0	0	0	0	0	0	10	501	0	0	0	0	0	0
fsh-generated/resources/ValueSet-unit-of-presentation-vs.json	469	2	0	0	0	0	0	0	0	2	0	0	0	0	0	0	0	0	0	0	9	85	0	0	0	1	0	0
fsh-generated/resources/ValueSet-unit-of-presentation.json	43057	8	0	0	0	0	0	0	1	303	0	0	0	0	0	0	0	0	0	0	78	355	0	0	0	2	0	0
fsh-generated/resources/ValueSet-whoatc-unicom.json	921	2	0	0	0	0	0	0	0	2	0	0	0	0	0	0	0	0	0	0	10	1693	0	0	0	1	0	0
